OBJECTID,PRECINCTID,NAME,COUNTY,LASTUPDATE,LASTEDITOR,PRECINCTID_1,NAME_1,TOWNSHIP,WINPARTY,WINPERCENT,WINCATEGORY,TOTBALLOTSLINK,INPERSON,TOTBALLOTS,CANDIDATE1,PARTY1,NUMVOTES1,PERCVOTE1,CANDIDATE2,PARTY2,NUMVOTES2,PERCVOTE2,CANDIDATE3,PARTY3,NUMVOTES3,PERCVOTE3
1,623,ALBAN,Fairfax,2016-03-16T11:51:43.000Z,stulad,623,ALBAN,Fairfax County,Hillary Clinton,0.222222,10,567,540,567,Hillary Clinton,Hillary Clinton,331,0.583774,Martin J. O'Malley,Martin J. O'Malley,2,0.003527,Bernie Sanders,Bernie Sanders,205,0.361552
2,626,SARATOGA,Fairfax,2016-03-16T11:51:43.000Z,stulad,626,SARATOGA,Fairfax County,Hillary Clinton,0.328691,30,718,694,718,Hillary Clinton,Hillary Clinton,463,0.644847,Martin J. O'Malley,Martin J. O'Malley,4,0.005571,Bernie Sanders,Bernie Sanders,227,0.316156
3,421,KINGSTOWNE,Fairfax,2016-03-16T11:51:43.000Z,stulad,421,KINGSTOWNE,Fairfax County,Hillary Clinton,0.299458,10,738,694,738,Hillary Clinton,Hillary Clinton,457,0.619241,Martin J. O'Malley,Martin J. O'Malley,1,0.001355,Bernie Sanders,Bernie Sanders,236,0.319783
4,426,GREENSPRING,Fairfax,2016-03-16T11:51:43.000Z,stulad,426,GREENSPRING,Fairfax County,Hillary Clinton,0.78634,30,571,557,571,Hillary Clinton,Hillary Clinton,501,0.877408,Martin J. O'Malley,Martin J. O'Malley,4,0.007005,Bernie Sanders,Bernie Sanders,52,0.091068
5,840,WEST SPRINGFIELD,Fairfax,2016-03-16T11:51:43.000Z,stulad,840,WEST SPRINGFIELD,Fairfax County,Hillary Clinton,0.328704,30,648,602,648,Hillary Clinton,Hillary Clinton,406,0.626543,Martin J. O'Malley,Martin J. O'Malley,3,0.00463,Bernie Sanders,Bernie Sanders,193,0.29784
6,825,CHERRY RUN,Fairfax,2016-03-16T11:51:43.000Z,stulad,825,CHERRY RUN,Fairfax County,Hillary Clinton,0.346084,30,549,514,549,Hillary Clinton,Hillary Clinton,351,0.639344,Martin J. O'Malley,Martin J. O'Malley,2,0.003643,Bernie Sanders,Bernie Sanders,161,0.29326
7,812,VALLEY,Fairfax,2016-03-16T11:51:43.000Z,stulad,812,VALLEY,Fairfax County,Hillary Clinton,0.171186,10,590,559,590,Hillary Clinton,Hillary Clinton,328,0.555932,Martin J. O'Malley,Martin J. O'Malley,4,0.00678,Bernie Sanders,Bernie Sanders,227,0.384746
8,417,GARFIELD,Fairfax,2016-03-16T11:51:43.000Z,stulad,417,GARFIELD,Fairfax County,Hillary Clinton,0.240132,10,608,590,608,Hillary Clinton,Hillary Clinton,366,0.601974,Martin J. O'Malley,Martin J. O'Malley,4,0.006579,Bernie Sanders,Bernie Sanders,220,0.361842
9,842,PARKWAY,Fairfax,2016-03-16T11:51:43.000Z,stulad,842,PARKWAY,Fairfax County,Hillary Clinton,0.360277,30,433,400,433,Hillary Clinton,Hillary Clinton,277,0.639723,Martin J. O'Malley,Martin J. O'Malley,2,0.004619,Bernie Sanders,Bernie Sanders,121,0.279446
10,130,TERRA CENTRE,Fairfax,2016-03-16T11:51:43.000Z,stulad,130,TERRA CENTRE,Fairfax County,Hillary Clinton,0.263653,10,531,494,531,Hillary Clinton,Hillary Clinton,315,0.59322,Martin J. O'Malley,Martin J. O'Malley,4,0.007533,Bernie Sanders,Bernie Sanders,175,0.329567
11,129,KEENE MILL,Fairfax,2016-03-16T11:51:43.000Z,stulad,129,KEENE MILL,Fairfax County,Hillary Clinton,0.142473,10,372,349,372,Hillary Clinton,Hillary Clinton,201,0.540323,Martin J. O'Malley,Martin J. O'Malley,0,0,Bernie Sanders,Bernie Sanders,148,0.397849
12,827,IRVING,Fairfax,2016-03-16T11:51:43.000Z,stulad,827,IRVING,Fairfax County,Hillary Clinton,0.242373,10,590,559,590,Hillary Clinton,Hillary Clinton,350,0.59322,Martin J. O'Malley,Martin J. O'Malley,2,0.00339,Bernie Sanders,Bernie Sanders,207,0.350847
13,833,WHITE OAKS,Fairfax,2016-03-16T11:51:43.000Z,stulad,833,WHITE OAKS,Fairfax County,Hillary Clinton,0.17953,10,596,560,596,Hillary Clinton,Hillary Clinton,332,0.557047,Martin J. O'Malley,Martin J. O'Malley,3,0.005034,Bernie Sanders,Bernie Sanders,225,0.377517
14,415,CRESTWOOD,Fairfax,2016-03-16T11:51:43.000Z,stulad,415,CRESTWOOD,Fairfax County,Hillary Clinton,0.123016,10,504,493,504,Hillary Clinton,Hillary Clinton,276,0.547619,Martin J. O'Malley,Martin J. O'Malley,2,0.003968,Bernie Sanders,Bernie Sanders,214,0.424603
15,128,CARDINAL,Fairfax,2016-03-16T11:51:43.000Z,stulad,128,CARDINAL,Fairfax County,Hillary Clinton,0.154902,10,510,480,510,Hillary Clinton,Hillary Clinton,276,0.541176,Martin J. O'Malley,Martin J. O'Malley,7,0.013725,Bernie Sanders,Bernie Sanders,197,0.386275
16,801,BURKE,Fairfax,2016-03-16T11:51:43.000Z,stulad,801,BURKE,Fairfax County,Hillary Clinton,0.181243,10,949,886,949,Hillary Clinton,Hillary Clinton,528,0.556375,Martin J. O'Malley,Martin J. O'Malley,2,0.002107,Bernie Sanders,Bernie Sanders,356,0.375132
17,127,BURKE CENTRE,Fairfax,2016-03-16T11:51:43.000Z,stulad,127,BURKE CENTRE,Fairfax County,Hillary Clinton,0.193548,10,899,847,899,Hillary Clinton,Hillary Clinton,510,0.567297,Martin J. O'Malley,Martin J. O'Malley,2,0.002225,Bernie Sanders,Bernie Sanders,336,0.373749
18,105,FAIRVIEW,Fairfax,2016-03-16T11:51:43.000Z,stulad,105,FAIRVIEW,Fairfax County,Hillary Clinton,0.189638,10,1023,979,1023,Hillary Clinton,Hillary Clinton,584,0.57087,Martin J. O'Malley,Martin J. O'Malley,5,0.004888,Bernie Sanders,Bernie Sanders,390,0.381232
19,401,BUSH HILL,Fairfax,2016-03-16T11:51:43.000Z,stulad,401,BUSH HILL,Fairfax County,Hillary Clinton,0.319843,30,766,733,766,Hillary Clinton,Hillary Clinton,486,0.634465,Martin J. O'Malley,Martin J. O'Malley,6,0.007833,Bernie Sanders,Bernie Sanders,241,0.314621
20,402,CAMERON,Fairfax,2016-03-16T11:51:43.000Z,stulad,402,CAMERON,Fairfax County,Hillary Clinton,0.292576,10,229,214,229,Hillary Clinton,Hillary Clinton,140,0.611354,Martin J. O'Malley,Martin J. O'Malley,1,0.004367,Bernie Sanders,Bernie Sanders,73,0.318777
21,125,SIGNAL HILL,Fairfax,2016-03-16T11:51:43.000Z,stulad,125,SIGNAL HILL,Fairfax County,Hillary Clinton,0.273403,10,673,616,673,Hillary Clinton,Hillary Clinton,399,0.592868,Martin J. O'Malley,Martin J. O'Malley,1,0.001486,Bernie Sanders,Bernie Sanders,215,0.319465
22,119,LAUREL,Fairfax,2016-03-16T11:51:43.000Z,stulad,119,LAUREL,Fairfax County,Hillary Clinton,0.188985,10,926,869,926,Hillary Clinton,Hillary Clinton,518,0.559395,Martin J. O'Malley,Martin J. O'Malley,8,0.008639,Bernie Sanders,Bernie Sanders,343,0.37041
23,526,BREN MAR,Fairfax,2016-03-16T11:51:43.000Z,stulad,526,BREN MAR,Fairfax County,Hillary Clinton,0.344828,30,754,729,754,Hillary Clinton,Hillary Clinton,493,0.653846,Martin J. O'Malley,Martin J. O'Malley,3,0.003979,Bernie Sanders,Bernie Sanders,233,0.309019
24,123,ROBINSON,Fairfax,2016-03-16T11:51:43.000Z,stulad,123,ROBINSON,Fairfax County,Hillary Clinton,0.263889,10,864,820,864,Hillary Clinton,Hillary Clinton,523,0.605324,Martin J. O'Malley,Martin J. O'Malley,2,0.002315,Bernie Sanders,Bernie Sanders,295,0.341435
25,521,BROOK HILL,Fairfax,2016-03-16T11:51:43.000Z,stulad,521,BROOK HILL,Fairfax County,Hillary Clinton,0.210127,10,395,382,395,Hillary Clinton,Hillary Clinton,232,0.587342,Martin J. O'Malley,Martin J. O'Malley,1,0.002532,Bernie Sanders,Bernie Sanders,149,0.377215
26,504,BRISTOW,Fairfax,2016-03-16T11:51:43.000Z,stulad,504,BRISTOW,Fairfax County,Hillary Clinton,0.309368,30,459,441,459,Hillary Clinton,Hillary Clinton,289,0.62963,Martin J. O'Malley,Martin J. O'Malley,5,0.010893,Bernie Sanders,Bernie Sanders,147,0.320261
27,106,HERITAGE,Fairfax,2016-03-16T11:51:43.000Z,stulad,106,HERITAGE,Fairfax County,Hillary Clinton,0.21844,10,705,692,705,Hillary Clinton,Hillary Clinton,420,0.595745,Martin J. O'Malley,Martin J. O'Malley,6,0.008511,Bernie Sanders,Bernie Sanders,266,0.377305
28,104,CHAPEL,Fairfax,2016-03-16T11:51:43.000Z,stulad,104,CHAPEL,Fairfax County,Hillary Clinton,0.324578,30,533,486,533,Hillary Clinton,Hillary Clinton,329,0.617261,Martin J. O'Malley,Martin J. O'Malley,1,0.001876,Bernie Sanders,Bernie Sanders,156,0.292683
29,116,WAKEFIELD,Fairfax,2016-03-16T11:51:43.000Z,stulad,116,WAKEFIELD,Fairfax County,Hillary Clinton,0.390706,30,581,539,581,Hillary Clinton,Hillary Clinton,383,0.659208,Martin J. O'Malley,Martin J. O'Malley,0,0,Bernie Sanders,Bernie Sanders,156,0.268503
30,518,COLUMBIA,Fairfax,2016-03-16T11:51:43.000Z,stulad,518,COLUMBIA,Fairfax County,Hillary Clinton,0.19596,10,495,473,495,Hillary Clinton,Hillary Clinton,284,0.573737,Martin J. O'Malley,Martin J. O'Malley,2,0.00404,Bernie Sanders,Bernie Sanders,187,0.377778
31,528,RIDGELEA,Fairfax,2016-03-16T11:51:43.000Z,stulad,528,RIDGELEA,Fairfax County,Hillary Clinton,0.407273,30,275,250,275,Hillary Clinton,Hillary Clinton,181,0.658182,Martin J. O'Malley,Martin J. O'Malley,0,0,Bernie Sanders,Bernie Sanders,69,0.250909
32,503,BELVEDERE,Fairfax,2016-03-16T11:51:43.000Z,stulad,503,BELVEDERE,Fairfax County,Hillary Clinton,0.362348,30,494,457,494,Hillary Clinton,Hillary Clinton,317,0.6417,Martin J. O'Malley,Martin J. O'Malley,1,0.002024,Bernie Sanders,Bernie Sanders,138,0.279352
33,923,BULL RUN,Fairfax,2016-03-16T11:51:43.000Z,stulad,923,BULL RUN,Fairfax County,Hillary Clinton,0.352941,30,306,286,306,Hillary Clinton,Hillary Clinton,196,0.640523,Martin J. O'Malley,Martin J. O'Malley,2,0.006536,Bernie Sanders,Bernie Sanders,88,0.287582
34,928,POPLAR TREE,Fairfax,2016-03-16T11:51:43.000Z,stulad,928,POPLAR TREE,Fairfax County,Hillary Clinton,0.322515,30,493,446,493,Hillary Clinton,Hillary Clinton,301,0.610548,Martin J. O'Malley,Martin J. O'Malley,3,0.006085,Bernie Sanders,Bernie Sanders,142,0.288032
35,515,WESTLAWN,Fairfax,2016-03-16T11:51:43.000Z,stulad,515,WESTLAWN,Fairfax County,Hillary Clinton,0.229917,10,361,350,361,Hillary Clinton,Hillary Clinton,216,0.598338,Martin J. O'Malley,Martin J. O'Malley,1,0.00277,Bernie Sanders,Bernie Sanders,133,0.368421
36,705,GRAHAM-GREENWAY,Fairfax,2016-03-16T11:51:43.000Z,stulad,705,GRAHAM-GREENWAY,Fairfax County,Hillary Clinton,0.188389,10,844,812,844,Hillary Clinton,Hillary Clinton,480,0.56872,Martin J. O'Malley,Martin J. O'Malley,10,0.011848,Bernie Sanders,Bernie Sanders,321,0.380332
37,903,CUB RUN,Fairfax,2016-03-16T11:51:43.000Z,stulad,903,CUB RUN,Fairfax County,Hillary Clinton,0.081267,2,726,697,726,Hillary Clinton,Hillary Clinton,376,0.517906,Martin J. O'Malley,Martin J. O'Malley,4,0.00551,Bernie Sanders,Bernie Sanders,317,0.436639
38,846,GREENBRIAR EAST,Fairfax,2016-03-16T11:51:43.000Z,stulad,846,GREENBRIAR EAST,Fairfax County,Hillary Clinton,0.101426,10,631,595,631,Hillary Clinton,Hillary Clinton,328,0.51981,Martin J. O'Malley,Martin J. O'Malley,3,0.004754,Bernie Sanders,Bernie Sanders,264,0.418384
39,913,ROCKY RUN,Fairfax,2016-03-16T11:51:43.000Z,stulad,913,ROCKY RUN,Fairfax County,Hillary Clinton,0.262803,10,742,689,742,Hillary Clinton,Hillary Clinton,441,0.59434,Martin J. O'Malley,Martin J. O'Malley,2,0.002695,Bernie Sanders,Bernie Sanders,246,0.331536
40,847,GREENBRIAR WEST,Fairfax,2016-03-16T11:51:43.000Z,stulad,847,GREENBRIAR WEST,Fairfax County,Hillary Clinton,0.165631,10,483,456,483,Hillary Clinton,Hillary Clinton,266,0.550725,Martin J. O'Malley,Martin J. O'Malley,4,0.008282,Bernie Sanders,Bernie Sanders,186,0.385093
41,915,VIRGINIA RUN,Fairfax,2016-03-16T11:51:43.000Z,stulad,915,VIRGINIA RUN,Fairfax County,Hillary Clinton,0.241546,10,414,378,414,Hillary Clinton,Hillary Clinton,238,0.574879,Martin J. O'Malley,Martin J. O'Malley,2,0.004831,Bernie Sanders,Bernie Sanders,138,0.333333
42,720,THOREAU,Fairfax,2016-03-16T11:51:43.000Z,stulad,720,THOREAU,Fairfax County,Hillary Clinton,0.248295,10,733,691,733,Hillary Clinton,Hillary Clinton,436,0.594816,Martin J. O'Malley,Martin J. O'Malley,1,0.001364,Bernie Sanders,Bernie Sanders,254,0.346521
43,904,STONECROFT,Fairfax,2016-03-16T11:51:43.000Z,stulad,904,STONECROFT,Fairfax County,Hillary Clinton,0.043668,2,229,221,229,Hillary Clinton,Hillary Clinton,114,0.497817,Martin J. O'Malley,Martin J. O'Malley,3,0.0131,Bernie Sanders,Bernie Sanders,104,0.454148
44,730,PENDERBROOK,Fairfax,2016-03-16T11:51:43.000Z,stulad,730,PENDERBROOK,Fairfax County,Hillary Clinton,0.224026,10,616,588,616,Hillary Clinton,Hillary Clinton,361,0.586039,Martin J. O'Malley,Martin J. O'Malley,4,0.006494,Bernie Sanders,Bernie Sanders,223,0.362013
45,317,WESTHAMPTON,Fairfax,2016-03-16T11:51:43.000Z,stulad,317,WESTHAMPTON,Fairfax County,Hillary Clinton,0.272887,10,568,532,568,Hillary Clinton,Hillary Clinton,341,0.600352,Martin J. O'Malley,Martin J. O'Malley,5,0.008803,Bernie Sanders,Bernie Sanders,186,0.327465
46,307,HAYCOCK,Fairfax,2016-03-16T11:51:43.000Z,stulad,307,HAYCOCK,Fairfax County,Hillary Clinton,0.356083,30,674,633,674,Hillary Clinton,Hillary Clinton,434,0.643917,Martin J. O'Malley,Martin J. O'Malley,5,0.007418,Bernie Sanders,Bernie Sanders,194,0.287834
47,312,LONGFELLOW,Fairfax,2016-03-16T11:51:43.000Z,stulad,312,LONGFELLOW,Fairfax County,Hillary Clinton,0.174757,10,618,559,618,Hillary Clinton,Hillary Clinton,332,0.537217,Martin J. O'Malley,Martin J. O'Malley,3,0.004854,Bernie Sanders,Bernie Sanders,224,0.36246
48,714,WALKER,Fairfax,2016-03-16T11:51:43.000Z,stulad,714,WALKER,Fairfax County,Hillary Clinton,0.230303,10,660,622,660,Hillary Clinton,Hillary Clinton,386,0.584848,Martin J. O'Malley,Martin J. O'Malley,2,0.00303,Bernie Sanders,Bernie Sanders,234,0.354545
49,315,PIMMIT,Fairfax,2016-03-16T11:51:43.000Z,stulad,315,PIMMIT,Fairfax County,Hillary Clinton,0.118797,10,665,647,665,Hillary Clinton,Hillary Clinton,361,0.542857,Martin J. O'Malley,Martin J. O'Malley,3,0.004511,Bernie Sanders,Bernie Sanders,282,0.42406
50,310,KIRBY,Fairfax,2016-03-16T11:51:43.000Z,stulad,310,KIRBY,Fairfax County,Hillary Clinton,0.36,30,525,480,525,Hillary Clinton,Hillary Clinton,334,0.63619,Martin J. O'Malley,Martin J. O'Malley,1,0.001905,Bernie Sanders,Bernie Sanders,145,0.27619
51,305,EL NIDO,Fairfax,2016-03-16T11:51:43.000Z,stulad,305,EL NIDO,Fairfax County,Hillary Clinton,0.373041,30,638,561,638,Hillary Clinton,Hillary Clinton,398,0.623824,Martin J. O'Malley,Martin J. O'Malley,3,0.004702,Bernie Sanders,Bernie Sanders,160,0.250784
52,318,WESTMORELAND,Fairfax,2016-03-16T11:51:43.000Z,stulad,318,WESTMORELAND,Fairfax County,Hillary Clinton,0.232,10,375,341,375,Hillary Clinton,Hillary Clinton,214,0.570667,Martin J. O'Malley,Martin J. O'Malley,0,0,Bernie Sanders,Bernie Sanders,127,0.338667
53,302,CHESTERBROOK,Fairfax,2016-03-16T11:51:43.000Z,stulad,302,CHESTERBROOK,Fairfax County,Hillary Clinton,0.464888,30,712,631,712,Hillary Clinton,Hillary Clinton,480,0.674157,Martin J. O'Malley,Martin J. O'Malley,2,0.002809,Bernie Sanders,Bernie Sanders,149,0.20927
54,301,CHAIN BRIDGE,Fairfax,2016-03-16T11:51:43.000Z,stulad,301,CHAIN BRIDGE,Fairfax County,Hillary Clinton,0.365217,30,690,597,690,Hillary Clinton,Hillary Clinton,424,0.614493,Martin J. O'Malley,Martin J. O'Malley,1,0.001449,Bernie Sanders,Bernie Sanders,172,0.249275
55,323,SHOUSE,Fairfax,2016-03-16T11:51:43.000Z,stulad,323,SHOUSE,Fairfax County,Hillary Clinton,0.312016,30,516,462,516,Hillary Clinton,Hillary Clinton,309,0.598837,Martin J. O'Malley,Martin J. O'Malley,4,0.007752,Bernie Sanders,Bernie Sanders,148,0.286822
56,240,COLVIN,Fairfax,2016-03-16T11:51:43.000Z,stulad,240,COLVIN,Fairfax County,Hillary Clinton,0.287356,10,435,394,435,Hillary Clinton,Hillary Clinton,258,0.593103,Martin J. O'Malley,Martin J. O'Malley,3,0.006897,Bernie Sanders,Bernie Sanders,133,0.305747
57,322,FORESTVILLE,Fairfax,2016-03-16T11:51:43.000Z,stulad,322,FORESTVILLE,Fairfax County,Hillary Clinton,0.22736,10,519,471,519,Hillary Clinton,Hillary Clinton,294,0.566474,Martin J. O'Malley,Martin J. O'Malley,1,0.001927,Bernie Sanders,Bernie Sanders,176,0.339114
58,419,LANE,Fairfax,2016-03-16T11:51:43.000Z,stulad,419,LANE,Fairfax County,Hillary Clinton,0.261204,10,781,748,781,Hillary Clinton,Hillary Clinton,473,0.605634,Martin J. O'Malley,Martin J. O'Malley,6,0.007682,Bernie Sanders,Bernie Sanders,269,0.34443
59,710,PINE SPRING,Fairfax,2016-03-16T11:51:43.000Z,stulad,710,PINE SPRING,Fairfax County,Hillary Clinton,0.256809,10,514,494,514,Hillary Clinton,Hillary Clinton,312,0.607004,Martin J. O'Malley,Martin J. O'Malley,2,0.003891,Bernie Sanders,Bernie Sanders,180,0.350195
60,221,HUNTERS WOODS,Fairfax,2016-03-16T11:51:43.000Z,stulad,221,HUNTERS WOODS,Fairfax County,Hillary Clinton,0.269377,10,787,727,787,Hillary Clinton,Hillary Clinton,468,0.594663,Martin J. O'Malley,Martin J. O'Malley,3,0.003812,Bernie Sanders,Bernie Sanders,256,0.325286
61,219,WESTBRIAR,Fairfax,2016-03-16T11:51:43.000Z,stulad,219,WESTBRIAR,Fairfax County,Hillary Clinton,0.346264,30,696,649,696,Hillary Clinton,Hillary Clinton,444,0.637931,Martin J. O'Malley,Martin J. O'Malley,2,0.002874,Bernie Sanders,Bernie Sanders,203,0.291667
62,120,SIDEBURN,Fairfax,2016-03-16T11:51:43.000Z,stulad,120,SIDEBURN,Fairfax County,Hillary Clinton,0.257911,10,632,580,632,Hillary Clinton,Hillary Clinton,369,0.583861,Martin J. O'Malley,Martin J. O'Malley,4,0.006329,Bernie Sanders,Bernie Sanders,206,0.325949
63,522,CAMELOT,Fairfax,2016-03-16T11:51:43.000Z,stulad,522,CAMELOT,Fairfax County,Hillary Clinton,0.45122,30,328,303,328,Hillary Clinton,Hillary Clinton,224,0.682927,Martin J. O'Malley,Martin J. O'Malley,3,0.009146,Bernie Sanders,Bernie Sanders,76,0.231707
64,223,GLADE,Fairfax,2016-03-16T11:51:43.000Z,stulad,223,GLADE,Fairfax County,Hillary Clinton,0.215879,10,1121,1058,1121,Hillary Clinton,Hillary Clinton,647,0.577163,Martin J. O'Malley,Martin J. O'Malley,6,0.005352,Bernie Sanders,Bernie Sanders,405,0.361285
65,409,PIONEER,Fairfax,2016-03-16T11:51:43.000Z,stulad,409,PIONEER,Fairfax County,Hillary Clinton,0.227882,10,746,721,746,Hillary Clinton,Hillary Clinton,444,0.595174,Martin J. O'Malley,Martin J. O'Malley,3,0.004021,Bernie Sanders,Bernie Sanders,274,0.367292
66,519,HUMMER,Fairfax,2016-03-16T11:51:43.000Z,stulad,519,HUMMER,Fairfax County,Hillary Clinton,0.164773,10,352,332,352,Hillary Clinton,Hillary Clinton,194,0.551136,Martin J. O'Malley,Martin J. O'Malley,2,0.005682,Bernie Sanders,Bernie Sanders,136,0.386364
67,625,LORTON CENTER,Fairfax,2016-03-16T11:51:43.000Z,stulad,625,LORTON CENTER,Fairfax County,Hillary Clinton,0.490654,30,428,411,428,Hillary Clinton,Hillary Clinton,310,0.724299,Martin J. O'Malley,Martin J. O'Malley,1,0.002336,Bernie Sanders,Bernie Sanders,100,0.233645
68,510,PARKLAWN,Fairfax,2016-03-16T11:51:43.000Z,stulad,510,PARKLAWN,Fairfax County,Hillary Clinton,0.131635,10,471,445,471,Hillary Clinton,Hillary Clinton,252,0.535032,Martin J. O'Malley,Martin J. O'Malley,3,0.006369,Bernie Sanders,Bernie Sanders,190,0.403397
69,845,FOUNTAINHEAD,Fairfax,2016-03-16T11:51:43.000Z,stulad,845,FOUNTAINHEAD,Fairfax County,Hillary Clinton,0.399694,30,653,605,653,Hillary Clinton,Hillary Clinton,432,0.661562,Martin J. O'Malley,Martin J. O'Malley,2,0.003063,Bernie Sanders,Bernie Sanders,171,0.261868
70,838,SANGSTER,Fairfax,2016-03-16T11:51:43.000Z,stulad,838,SANGSTER,Fairfax County,Hillary Clinton,0.276644,10,441,420,441,Hillary Clinton,Hillary Clinton,271,0.614512,Martin J. O'Malley,Martin J. O'Malley,0,0,Bernie Sanders,Bernie Sanders,149,0.337868
71,126,BONNIE BRAE,Fairfax,2016-03-16T11:51:43.000Z,stulad,126,BONNIE BRAE,Fairfax County,Hillary Clinton,0.134168,10,559,536,559,Hillary Clinton,Hillary Clinton,303,0.542039,Martin J. O'Malley,Martin J. O'Malley,5,0.008945,Bernie Sanders,Bernie Sanders,228,0.407871
72,726,MAGARITY,Fairfax,2016-03-16T11:51:43.000Z,stulad,726,MAGARITY,Fairfax County,Hillary Clinton,0.185596,10,722,683,722,Hillary Clinton,Hillary Clinton,407,0.563712,Martin J. O'Malley,Martin J. O'Malley,3,0.004155,Bernie Sanders,Bernie Sanders,273,0.378116
73,901,CENTRE RIDGE,Fairfax,2016-03-16T11:51:43.000Z,stulad,901,CENTRE RIDGE,Fairfax County,Hillary Clinton,0.030631,2,555,538,555,Hillary Clinton,Hillary Clinton,277,0.499099,Martin J. O'Malley,Martin J. O'Malley,1,0.001802,Bernie Sanders,Bernie Sanders,260,0.468468
74,424,HUNTLEY,Fairfax,2016-03-16T11:51:43.000Z,stulad,424,HUNTLEY,Fairfax County,Hillary Clinton,0.34375,30,704,671,704,Hillary Clinton,Hillary Clinton,455,0.646307,Martin J. O'Malley,Martin J. O'Malley,3,0.004261,Bernie Sanders,Bernie Sanders,213,0.302557
75,523,POE,Fairfax,2016-03-16T11:51:43.000Z,stulad,523,POE,Fairfax County,Hillary Clinton,0.274809,10,524,482,524,Hillary Clinton,Hillary Clinton,310,0.591603,Martin J. O'Malley,Martin J. O'Malley,5,0.009542,Bernie Sanders,Bernie Sanders,166,0.316794
76,707,MANTUA,Fairfax,2016-03-16T11:51:43.000Z,stulad,707,MANTUA,Fairfax County,Hillary Clinton,0.225694,10,576,512,576,Hillary Clinton,Hillary Clinton,320,0.555556,Martin J. O'Malley,Martin J. O'Malley,2,0.003472,Bernie Sanders,Bernie Sanders,190,0.329861
77,918,CENTREVILLE,Fairfax,2016-03-16T11:51:43.000Z,stulad,918,CENTREVILLE,Fairfax County,Hillary Clinton,0.073469,2,735,704,735,Hillary Clinton,Hillary Clinton,377,0.512925,Martin J. O'Malley,Martin J. O'Malley,3,0.004082,Bernie Sanders,Bernie Sanders,323,0.439456
78,708,MARSHALL,Fairfax,2016-03-16T11:51:43.000Z,stulad,708,MARSHALL,Fairfax County,Hillary Clinton,0.158451,10,1136,1075,1136,Hillary Clinton,Hillary Clinton,625,0.550176,Martin J. O'Malley,Martin J. O'Malley,3,0.002641,Bernie Sanders,Bernie Sanders,445,0.391725
79,216,VIENNA #4,Fairfax,2016-03-16T11:51:43.000Z,stulad,216,VIENNA #4,Fairfax County,Hillary Clinton,0.054054,2,333,311,333,Hillary Clinton,Hillary Clinton,162,0.486486,Martin J. O'Malley,Martin J. O'Malley,5,0.015015,Bernie Sanders,Bernie Sanders,144,0.432432
80,517,WILLSTON,Fairfax,2016-03-16T11:51:43.000Z,stulad,517,WILLSTON,Fairfax County,Hillary Clinton,0.288754,10,329,315,329,Hillary Clinton,Hillary Clinton,203,0.617021,Martin J. O'Malley,Martin J. O'Malley,4,0.012158,Bernie Sanders,Bernie Sanders,108,0.328267
81,227,SUNRISE VALLEY,Fairfax,2016-03-16T11:51:43.000Z,stulad,227,SUNRISE VALLEY,Fairfax County,Hillary Clinton,0.372596,30,416,386,416,Hillary Clinton,Hillary Clinton,270,0.649038,Martin J. O'Malley,Martin J. O'Malley,1,0.002404,Bernie Sanders,Bernie Sanders,115,0.276442
82,733,KILMER,Fairfax,2016-03-16T11:51:43.000Z,stulad,733,KILMER,Fairfax County,Hillary Clinton,0.248649,10,925,856,925,Hillary Clinton,Hillary Clinton,541,0.584865,Martin J. O'Malley,Martin J. O'Malley,3,0.003243,Bernie Sanders,Bernie Sanders,311,0.336216
83,925,OLD MILL,Fairfax,2016-03-16T11:51:43.000Z,stulad,925,OLD MILL,Fairfax County,Hillary Clinton,0.261905,10,294,282,294,Hillary Clinton,Hillary Clinton,178,0.605442,Martin J. O'Malley,Martin J. O'Malley,3,0.010204,Bernie Sanders,Bernie Sanders,101,0.343537
84,418,LYNBROOK,Fairfax,2016-03-16T11:51:43.000Z,stulad,418,LYNBROOK,Fairfax County,Hillary Clinton,0.268734,10,387,378,387,Hillary Clinton,Hillary Clinton,239,0.617571,Martin J. O'Malley,Martin J. O'Malley,4,0.010336,Bernie Sanders,Bernie Sanders,135,0.348837
85,713,TIMBER LANE,Fairfax,2016-03-16T11:51:43.000Z,stulad,713,TIMBER LANE,Fairfax County,Hillary Clinton,0.266762,10,701,678,701,Hillary Clinton,Hillary Clinton,431,0.614836,Martin J. O'Malley,Martin J. O'Malley,3,0.00428,Bernie Sanders,Bernie Sanders,244,0.348074
86,615,WOODLEY,Fairfax,2016-03-16T11:51:43.000Z,stulad,615,WOODLEY,Fairfax County,Hillary Clinton,0.336252,30,571,534,571,Hillary Clinton,Hillary Clinton,359,0.628722,Martin J. O'Malley,Martin J. O'Malley,8,0.014011,Bernie Sanders,Bernie Sanders,167,0.292469
87,824,ORANGE,Fairfax,2016-03-16T11:51:43.000Z,stulad,824,ORANGE,Fairfax County,Hillary Clinton,0.228869,10,769,723,769,Hillary Clinton,Hillary Clinton,447,0.581274,Martin J. O'Malley,Martin J. O'Malley,5,0.006502,Bernie Sanders,Bernie Sanders,271,0.352406
88,711,PRICE,Fairfax,2016-03-16T11:51:43.000Z,stulad,711,PRICE,Fairfax County,Hillary Clinton,0.265823,10,474,438,474,Hillary Clinton,Hillary Clinton,280,0.590717,Martin J. O'Malley,Martin J. O'Malley,4,0.008439,Bernie Sanders,Bernie Sanders,154,0.324895
89,612,WAYNEWOOD,Fairfax,2016-03-16T11:51:43.000Z,stulad,612,WAYNEWOOD,Fairfax County,Hillary Clinton,0.303529,30,425,398,425,Hillary Clinton,Hillary Clinton,226,0.531765,Martin J. O'Malley,Martin J. O'Malley,9,0.021176,Bernie Sanders,Bernie Sanders,97,0.228235
90,507,LINCOLNIA,Fairfax,2016-03-16T11:51:43.000Z,stulad,507,LINCOLNIA,Fairfax County,Hillary Clinton,0.321622,30,740,693,740,Hillary Clinton,Hillary Clinton,465,0.628378,Martin J. O'Malley,Martin J. O'Malley,1,0.001351,Bernie Sanders,Bernie Sanders,227,0.306757
91,911,NAVY,Fairfax,2016-03-16T11:51:43.000Z,stulad,911,NAVY,Fairfax County,Hillary Clinton,0.312217,30,663,618,663,Hillary Clinton,Hillary Clinton,412,0.621418,Martin J. O'Malley,Martin J. O'Malley,1,0.001508,Bernie Sanders,Bernie Sanders,205,0.309201
92,226,WOLFTRAP,Fairfax,2016-03-16T11:51:43.000Z,stulad,226,WOLFTRAP,Fairfax County,Hillary Clinton,0.400788,30,761,697,761,Hillary Clinton,Hillary Clinton,500,0.65703,Martin J. O'Malley,Martin J. O'Malley,2,0.002628,Bernie Sanders,Bernie Sanders,195,0.256242
93,115,RAVENSWORTH,Fairfax,2016-03-16T11:51:43.000Z,stulad,115,RAVENSWORTH,Fairfax County,Hillary Clinton,0.174731,10,372,358,372,Hillary Clinton,Hillary Clinton,210,0.564516,Martin J. O'Malley,Martin J. O'Malley,3,0.008065,Bernie Sanders,Bernie Sanders,145,0.389785
94,704,FREEDOM HILL,Fairfax,2016-03-16T11:51:43.000Z,stulad,704,FREEDOM HILL,Fairfax County,Hillary Clinton,0.320755,30,477,444,477,Hillary Clinton,Hillary Clinton,298,0.624738,Martin J. O'Malley,Martin J. O'Malley,1,0.002096,Bernie Sanders,Bernie Sanders,145,0.303983
95,622,LORTON STATION,Fairfax,2016-03-16T11:51:43.000Z,stulad,622,LORTON STATION,Fairfax County,Hillary Clinton,0.321101,30,763,735,763,Hillary Clinton,Hillary Clinton,489,0.640891,Martin J. O'Malley,Martin J. O'Malley,2,0.002621,Bernie Sanders,Bernie Sanders,244,0.31979
96,321,CLEARVIEW,Fairfax,2016-03-16T11:51:43.000Z,stulad,321,CLEARVIEW,Fairfax County,Hillary Clinton,0.099886,2,881,832,881,Hillary Clinton,Hillary Clinton,459,0.520999,Martin J. O'Malley,Martin J. O'Malley,2,0.00227,Bernie Sanders,Bernie Sanders,371,0.421112
97,325,HUTCHISON,Fairfax,2016-03-16T11:51:43.000Z,stulad,325,HUTCHISON,Fairfax County,Hillary Clinton,0.173913,10,437,424,437,Hillary Clinton,Hillary Clinton,249,0.569794,Martin J. O'Malley,Martin J. O'Malley,2,0.004577,Bernie Sanders,Bernie Sanders,173,0.395881
98,329,SENECA,Fairfax,2016-03-16T11:51:43.000Z,stulad,329,SENECA,Fairfax County,Hillary Clinton,0.366057,30,601,554,601,Hillary Clinton,Hillary Clinton,385,0.640599,Martin J. O'Malley,Martin J. O'Malley,4,0.006656,Bernie Sanders,Bernie Sanders,165,0.274542
99,203,FLORIS,Fairfax,2016-03-16T11:51:43.000Z,stulad,203,FLORIS,Fairfax County,Hillary Clinton,0.236641,10,786,737,786,Hillary Clinton,Hillary Clinton,459,0.583969,Martin J. O'Malley,Martin J. O'Malley,4,0.005089,Bernie Sanders,Bernie Sanders,273,0.347328
100,320,HERNDON #2,Fairfax,2016-03-16T11:51:43.000Z,stulad,320,HERNDON #2,Fairfax County,Hillary Clinton,0.204082,10,882,848,882,Hillary Clinton,Hillary Clinton,512,0.580499,Martin J. O'Malley,Martin J. O'Malley,4,0.004535,Bernie Sanders,Bernie Sanders,332,0.376417
101,712,SHREVE,Fairfax,2016-03-16T11:51:43.000Z,stulad,712,SHREVE,Fairfax County,Hillary Clinton,0.245658,10,403,378,403,Hillary Clinton,Hillary Clinton,238,0.590571,Martin J. O'Malley,Martin J. O'Malley,1,0.002481,Bernie Sanders,Bernie Sanders,139,0.344913
102,608,KIRKSIDE,Fairfax,2016-03-16T11:51:43.000Z,stulad,608,KIRKSIDE,Fairfax County,Hillary Clinton,0.453642,30,604,565,604,Hillary Clinton,Hillary Clinton,419,0.693709,Martin J. O'Malley,Martin J. O'Malley,1,0.001656,Bernie Sanders,Bernie Sanders,145,0.240066
103,721,MERRIFIELD,Fairfax,2016-03-16T11:51:43.000Z,stulad,721,MERRIFIELD,Fairfax County,Hillary Clinton,0.070842,2,974,931,974,Hillary Clinton,Hillary Clinton,500,0.513347,Martin J. O'Malley,Martin J. O'Malley,0,0,Bernie Sanders,Bernie Sanders,431,0.442505
104,229,FOX MILL,Fairfax,2016-03-16T11:51:43.000Z,stulad,229,FOX MILL,Fairfax County,Hillary Clinton,0.227761,10,1023,954,1023,Hillary Clinton,Hillary Clinton,589,0.575758,Martin J. O'Malley,Martin J. O'Malley,9,0.008798,Bernie Sanders,Bernie Sanders,356,0.347996
105,225,TERRASET,Fairfax,2016-03-16T11:51:43.000Z,stulad,225,TERRASET,Fairfax County,Hillary Clinton,0.096807,2,971,918,971,Hillary Clinton,Hillary Clinton,504,0.519053,Martin J. O'Malley,Martin J. O'Malley,4,0.004119,Bernie Sanders,Bernie Sanders,410,0.422245
106,235,FRYING PAN,Fairfax,2016-03-16T11:51:43.000Z,stulad,235,FRYING PAN,Fairfax County,Hillary Clinton,0.182258,10,620,582,620,Hillary Clinton,Hillary Clinton,346,0.558065,Martin J. O'Malley,Martin J. O'Malley,2,0.003226,Bernie Sanders,Bernie Sanders,233,0.375806
107,327,SUGARLAND,Fairfax,2016-03-16T11:51:43.000Z,stulad,327,SUGARLAND,Fairfax County,Hillary Clinton,0.142308,10,780,739,780,Hillary Clinton,Hillary Clinton,419,0.537179,Martin J. O'Malley,Martin J. O'Malley,2,0.002564,Bernie Sanders,Bernie Sanders,308,0.394872
108,604,BUCKNELL,Fairfax,2016-03-16T11:51:43.000Z,stulad,604,BUCKNELL,Fairfax County,Hillary Clinton,0.294903,10,824,776,824,Hillary Clinton,Hillary Clinton,512,0.621359,Martin J. O'Malley,Martin J. O'Malley,2,0.002427,Bernie Sanders,Bernie Sanders,269,0.326456
109,902,BROOKFIELD,Fairfax,2016-03-16T11:51:43.000Z,stulad,902,BROOKFIELD,Fairfax County,Hillary Clinton,0.212428,10,692,674,692,Hillary Clinton,Hillary Clinton,409,0.59104,Martin J. O'Malley,Martin J. O'Malley,3,0.004335,Bernie Sanders,Bernie Sanders,262,0.378613
110,513,SAINT ALBANS,Fairfax,2016-03-16T11:51:43.000Z,stulad,513,SAINT ALBANS,Fairfax County,Hillary Clinton,0.314465,30,636,607,636,Hillary Clinton,Hillary Clinton,401,0.630503,Martin J. O'Malley,Martin J. O'Malley,5,0.007862,Bernie Sanders,Bernie Sanders,201,0.316038
111,110,NORTH SPRINGFIELD,Fairfax,2016-03-16T11:51:43.000Z,stulad,110,NORTH SPRINGFIELD,Fairfax County,Hillary Clinton,0.186698,10,857,824,857,Hillary Clinton,Hillary Clinton,489,0.570595,Martin J. O'Malley,Martin J. O'Malley,6,0.007001,Bernie Sanders,Bernie Sanders,329,0.383897
112,609,MARLAN,Fairfax,2016-03-16T11:51:43.000Z,stulad,609,MARLAN,Fairfax County,Hillary Clinton,0.340866,30,531,489,531,Hillary Clinton,Hillary Clinton,335,0.630885,Martin J. O'Malley,Martin J. O'Malley,0,0,Bernie Sanders,Bernie Sanders,154,0.290019
113,732,OAK MARR,Fairfax,2016-03-16T11:51:43.000Z,stulad,732,OAK MARR,Fairfax County,Hillary Clinton,0.279037,10,706,640,706,Hillary Clinton,Hillary Clinton,417,0.590652,Martin J. O'Malley,Martin J. O'Malley,2,0.002833,Bernie Sanders,Bernie Sanders,220,0.311615
114,701,BLAKE,Fairfax,2016-03-16T11:51:43.000Z,stulad,701,BLAKE,Fairfax County,Hillary Clinton,0.171739,10,920,868,920,Hillary Clinton,Hillary Clinton,510,0.554348,Martin J. O'Malley,Martin J. O'Malley,6,0.006522,Bernie Sanders,Bernie Sanders,352,0.382609
115,727,OAKTON,Fairfax,2016-03-16T11:51:43.000Z,stulad,727,OAKTON,Fairfax County,Hillary Clinton,0.42278,30,518,467,518,Hillary Clinton,Hillary Clinton,342,0.660232,Martin J. O'Malley,Martin J. O'Malley,2,0.003861,Bernie Sanders,Bernie Sanders,123,0.237452
116,238,CAMERON GLEN,Fairfax,2016-03-16T11:51:43.000Z,stulad,238,CAMERON GLEN,Fairfax County,Hillary Clinton,0.340557,30,646,607,646,Hillary Clinton,Hillary Clinton,411,0.636223,Martin J. O'Malley,Martin J. O'Malley,5,0.00774,Bernie Sanders,Bernie Sanders,191,0.295666
117,319,HERNDON #1,Fairfax,2016-03-16T11:51:43.000Z,stulad,319,HERNDON #1,Fairfax County,Hillary Clinton,0.066986,2,836,797,836,Hillary Clinton,Hillary Clinton,422,0.504785,Martin J. O'Malley,Martin J. O'Malley,9,0.010766,Bernie Sanders,Bernie Sanders,366,0.437799
118,236,STUART,Fairfax,2016-03-16T11:51:43.000Z,stulad,236,STUART,Fairfax County,Hillary Clinton,0.259819,10,331,309,331,Hillary Clinton,Hillary Clinton,197,0.595166,Martin J. O'Malley,Martin J. O'Malley,1,0.003021,Bernie Sanders,Bernie Sanders,111,0.335347
119,324,HERNDON #3,Fairfax,2016-03-16T11:51:43.000Z,stulad,324,HERNDON #3,Fairfax County,Hillary Clinton,0.072751,2,756,731,756,Hillary Clinton,Hillary Clinton,391,0.517196,Martin J. O'Malley,Martin J. O'Malley,6,0.007937,Bernie Sanders,Bernie Sanders,336,0.444444
120,222,RESTON #3,Fairfax,2016-03-16T11:51:43.000Z,stulad,222,RESTON #3,Fairfax County,Hillary Clinton,0.173484,10,709,676,709,Hillary Clinton,Hillary Clinton,399,0.562764,Martin J. O'Malley,Martin J. O'Malley,2,0.002821,Bernie Sanders,Bernie Sanders,276,0.389281
121,209,RESTON #2,Fairfax,2016-03-16T11:51:43.000Z,stulad,209,RESTON #2,Fairfax County,Hillary Clinton,0.184721,10,877,832,877,Hillary Clinton,Hillary Clinton,493,0.562144,Martin J. O'Malley,Martin J. O'Malley,7,0.007982,Bernie Sanders,Bernie Sanders,331,0.377423
122,208,RESTON #1,Fairfax,2016-03-16T11:51:43.000Z,stulad,208,RESTON #1,Fairfax County,Hillary Clinton,0.121519,10,790,752,790,Hillary Clinton,Hillary Clinton,422,0.534177,Martin J. O'Malley,Martin J. O'Malley,4,0.005063,Bernie Sanders,Bernie Sanders,326,0.412658
123,224,SOUTH LAKES,Fairfax,2016-03-16T11:51:43.000Z,stulad,224,SOUTH LAKES,Fairfax County,Hillary Clinton,0.232506,10,1329,1235,1329,Hillary Clinton,Hillary Clinton,768,0.577878,Martin J. O'Malley,Martin J. O'Malley,8,0.00602,Bernie Sanders,Bernie Sanders,459,0.345372
124,220,DOGWOOD,Fairfax,2016-03-16T11:51:43.000Z,stulad,220,DOGWOOD,Fairfax County,Hillary Clinton,0.246138,10,971,932,971,Hillary Clinton,Hillary Clinton,584,0.601442,Martin J. O'Malley,Martin J. O'Malley,3,0.00309,Bernie Sanders,Bernie Sanders,345,0.355304
125,306,GREAT FALLS,Fairfax,2016-03-16T11:51:43.000Z,stulad,306,GREAT FALLS,Fairfax County,Hillary Clinton,0.440506,30,395,357,395,Hillary Clinton,Hillary Clinton,264,0.668354,Martin J. O'Malley,Martin J. O'Malley,2,0.005063,Bernie Sanders,Bernie Sanders,90,0.227848
126,328,HICKORY,Fairfax,2016-03-16T11:51:43.000Z,stulad,328,HICKORY,Fairfax County,Hillary Clinton,0.348881,30,536,477,536,Hillary Clinton,Hillary Clinton,332,0.619403,Martin J. O'Malley,Martin J. O'Malley,0,0,Bernie Sanders,Bernie Sanders,145,0.270522
127,309,KENMORE,Fairfax,2016-03-16T11:51:43.000Z,stulad,309,KENMORE,Fairfax County,Hillary Clinton,0.380403,30,694,636,694,Hillary Clinton,Hillary Clinton,449,0.646974,Martin J. O'Malley,Martin J. O'Malley,4,0.005764,Bernie Sanders,Bernie Sanders,185,0.266571
128,331,SPRING HILL,Fairfax,2016-03-16T11:51:43.000Z,stulad,331,SPRING HILL,Fairfax County,Hillary Clinton,0.4,30,455,409,455,Hillary Clinton,Hillary Clinton,295,0.648352,Martin J. O'Malley,Martin J. O'Malley,1,0.002198,Bernie Sanders,Bernie Sanders,113,0.248352
129,304,COOPER,Fairfax,2016-03-16T11:51:43.000Z,stulad,304,COOPER,Fairfax County,Hillary Clinton,0.389034,30,383,346,383,Hillary Clinton,Hillary Clinton,247,0.644909,Martin J. O'Malley,Martin J. O'Malley,1,0.002611,Bernie Sanders,Bernie Sanders,98,0.255875
130,314,MCLEAN,Fairfax,2016-03-16T11:51:43.000Z,stulad,314,MCLEAN,Fairfax County,Hillary Clinton,0.36612,30,549,478,549,Hillary Clinton,Hillary Clinton,338,0.615665,Martin J. O'Malley,Martin J. O'Malley,3,0.005464,Bernie Sanders,Bernie Sanders,137,0.249545
131,303,CHURCHILL,Fairfax,2016-03-16T11:51:43.000Z,stulad,303,CHURCHILL,Fairfax County,Hillary Clinton,0.401786,30,336,305,336,Hillary Clinton,Hillary Clinton,219,0.651786,Martin J. O'Malley,Martin J. O'Malley,2,0.005952,Bernie Sanders,Bernie Sanders,84,0.25
132,311,LANGLEY,Fairfax,2016-03-16T11:51:43.000Z,stulad,311,LANGLEY,Fairfax County,Hillary Clinton,0.430288,30,416,360,416,Hillary Clinton,Hillary Clinton,269,0.646635,Martin J. O'Malley,Martin J. O'Malley,1,0.002404,Bernie Sanders,Bernie Sanders,90,0.216346
133,843,FAIR LAKES,Fairfax,2016-03-16T11:51:43.000Z,stulad,843,FAIR LAKES,Fairfax County,Hillary Clinton,0.158756,10,611,581,611,Hillary Clinton,Hillary Clinton,336,0.549918,Martin J. O'Malley,Martin J. O'Malley,6,0.00982,Bernie Sanders,Bernie Sanders,239,0.391162
134,132,MONUMENT,Fairfax,2016-03-16T11:51:43.000Z,stulad,132,MONUMENT,Fairfax County,Hillary Clinton,0.082999,2,747,688,747,Hillary Clinton,Hillary Clinton,375,0.502008,Martin J. O'Malley,Martin J. O'Malley,0,0,Bernie Sanders,Bernie Sanders,313,0.419009
135,131,EAGLE VIEW,Fairfax,2016-03-16T11:51:43.000Z,stulad,131,EAGLE VIEW,Fairfax County,Hillary Clinton,0.152597,10,616,575,616,Hillary Clinton,Hillary Clinton,333,0.540584,Martin J. O'Malley,Martin J. O'Malley,3,0.00487,Bernie Sanders,Bernie Sanders,239,0.387987
136,121,VILLA,Fairfax,2016-03-16T11:51:43.000Z,stulad,121,VILLA,Fairfax County,Hillary Clinton,0.154242,10,389,381,389,Hillary Clinton,Hillary Clinton,219,0.562982,Martin J. O'Malley,Martin J. O'Malley,3,0.007712,Bernie Sanders,Bernie Sanders,159,0.40874
137,729,NOTTOWAY,Fairfax,2016-03-16T11:51:43.000Z,stulad,729,NOTTOWAY,Fairfax County,Hillary Clinton,0.243871,10,775,690,775,Hillary Clinton,Hillary Clinton,439,0.566452,Martin J. O'Malley,Martin J. O'Malley,1,0.00129,Bernie Sanders,Bernie Sanders,250,0.322581
138,218,VIENNA #6,Fairfax,2016-03-16T11:51:43.000Z,stulad,218,VIENNA #6,Fairfax County,Hillary Clinton,0.267035,10,543,502,543,Hillary Clinton,Hillary Clinton,322,0.593002,Martin J. O'Malley,Martin J. O'Malley,3,0.005525,Bernie Sanders,Bernie Sanders,177,0.325967
139,213,VIENNA #1,Fairfax,2016-03-16T11:51:43.000Z,stulad,213,VIENNA #1,Fairfax County,Hillary Clinton,0.284004,10,919,855,919,Hillary Clinton,Hillary Clinton,556,0.605005,Martin J. O'Malley,Martin J. O'Malley,4,0.004353,Bernie Sanders,Bernie Sanders,295,0.321001
140,214,VIENNA #2,Fairfax,2016-03-16T11:51:43.000Z,stulad,214,VIENNA #2,Fairfax County,Hillary Clinton,0.239554,10,718,676,718,Hillary Clinton,Hillary Clinton,423,0.589136,Martin J. O'Malley,Martin J. O'Malley,2,0.002786,Bernie Sanders,Bernie Sanders,251,0.349582
141,427,ISLAND CREEK,Fairfax,2016-03-16T11:51:43.000Z,stulad,427,ISLAND CREEK,Fairfax County,Hillary Clinton,0.400998,30,601,580,601,Hillary Clinton,Hillary Clinton,410,0.682196,Martin J. O'Malley,Martin J. O'Malley,1,0.001664,Bernie Sanders,Bernie Sanders,169,0.281198
142,332,COATES,Fairfax,2016-03-16T11:51:43.000Z,stulad,332,COATES,Fairfax County,Hillary Clinton,0.089194,2,583,560,583,Hillary Clinton,Hillary Clinton,305,0.523156,Martin J. O'Malley,Martin J. O'Malley,2,0.003431,Bernie Sanders,Bernie Sanders,253,0.433962
143,237,MCNAIR,Fairfax,2016-03-16T11:51:43.000Z,stulad,237,MCNAIR,Fairfax County,Hillary Clinton,0.130769,10,650,616,650,Hillary Clinton,Hillary Clinton,349,0.536923,Martin J. O'Malley,Martin J. O'Malley,3,0.004615,Bernie Sanders,Bernie Sanders,264,0.406154
144,854,NEWGATE SOUTH,Fairfax,2016-03-16T11:51:43.000Z,stulad,854,NEWGATE SOUTH,Fairfax County,Hillary Clinton,0.237991,10,458,420,458,Hillary Clinton,Hillary Clinton,262,0.572052,Martin J. O'Malley,Martin J. O'Malley,5,0.010917,Bernie Sanders,Bernie Sanders,153,0.334061
145,849,NEWGATE NORTH,Fairfax,2016-03-16T11:51:43.000Z,stulad,849,NEWGATE NORTH,Fairfax County,Hillary Clinton,0.198777,10,327,310,327,Hillary Clinton,Hillary Clinton,187,0.571865,Martin J. O'Malley,Martin J. O'Malley,1,0.003058,Bernie Sanders,Bernie Sanders,122,0.373089
146,618,NEWINGTON,Fairfax,2016-03-16T11:51:43.000Z,stulad,618,NEWINGTON,Fairfax County,Hillary Clinton,0.167167,10,999,958,999,Hillary Clinton,Hillary Clinton,558,0.558559,Martin J. O'Malley,Martin J. O'Malley,9,0.009009,Bernie Sanders,Bernie Sanders,391,0.391391
147,629,SOUTH COUNTY,Fairfax,2016-03-16T11:51:43.000Z,stulad,629,SOUTH COUNTY,Fairfax County,Hillary Clinton,0.437624,30,505,489,505,Hillary Clinton,Hillary Clinton,354,0.70099,Martin J. O'Malley,Martin J. O'Malley,2,0.00396,Bernie Sanders,Bernie Sanders,133,0.263366
148,617,LORTON,Fairfax,2016-03-16T11:51:43.000Z,stulad,617,LORTON,Fairfax County,Hillary Clinton,0.380859,30,512,497,512,Hillary Clinton,Hillary Clinton,344,0.671875,Martin J. O'Malley,Martin J. O'Malley,4,0.007812,Bernie Sanders,Bernie Sanders,149,0.291016
149,628,LAUREL HILL,Fairfax,2016-03-16T11:51:43.000Z,stulad,628,LAUREL HILL,Fairfax County,Hillary Clinton,0.336499,30,737,713,737,Hillary Clinton,Hillary Clinton,480,0.651289,Martin J. O'Malley,Martin J. O'Malley,1,0.001357,Bernie Sanders,Bernie Sanders,232,0.31479
150,410,ROSE HILL,Fairfax,2016-03-16T11:51:43.000Z,stulad,410,ROSE HILL,Fairfax County,Hillary Clinton,0.236757,10,925,884,925,Hillary Clinton,Hillary Clinton,548,0.592432,Martin J. O'Malley,Martin J. O'Malley,6,0.006486,Bernie Sanders,Bernie Sanders,329,0.355676
151,420,VILLAGES,Fairfax,2016-03-16T11:51:43.000Z,stulad,420,VILLAGES,Fairfax County,Hillary Clinton,0.377724,30,826,792,826,Hillary Clinton,Hillary Clinton,551,0.66707,Martin J. O'Malley,Martin J. O'Malley,1,0.001211,Bernie Sanders,Bernie Sanders,239,0.289346
152,423,CLERMONT,Fairfax,2016-03-16T11:51:43.000Z,stulad,423,CLERMONT,Fairfax County,Hillary Clinton,0.263754,10,618,586,618,Hillary Clinton,Hillary Clinton,373,0.60356,Martin J. O'Malley,Martin J. O'Malley,1,0.001618,Bernie Sanders,Bernie Sanders,210,0.339806
153,411,VIRGINIA HILLS,Fairfax,2016-03-16T11:51:43.000Z,stulad,411,VIRGINIA HILLS,Fairfax County,Hillary Clinton,0.302326,30,516,482,516,Hillary Clinton,Hillary Clinton,318,0.616279,Martin J. O'Malley,Martin J. O'Malley,2,0.003876,Bernie Sanders,Bernie Sanders,162,0.313953
154,405,GROVETON,Fairfax,2016-03-16T11:51:43.000Z,stulad,405,GROVETON,Fairfax County,Hillary Clinton,0.342318,30,371,357,371,Hillary Clinton,Hillary Clinton,240,0.6469,Martin J. O'Malley,Martin J. O'Malley,2,0.005391,Bernie Sanders,Bernie Sanders,113,0.304582
155,429,HYBLA VALLEY,Fairfax,2016-03-16T11:51:43.000Z,stulad,429,HYBLA VALLEY,Fairfax County,Hillary Clinton,0.472754,30,679,658,679,Hillary Clinton,Hillary Clinton,488,0.718704,Martin J. O'Malley,Martin J. O'Malley,4,0.005891,Bernie Sanders,Bernie Sanders,167,0.24595
156,428,PINEWOOD,Fairfax,2016-03-16T11:51:43.000Z,stulad,428,PINEWOOD,Fairfax County,Hillary Clinton,0.41018,30,668,644,668,Hillary Clinton,Hillary Clinton,457,0.684132,Martin J. O'Malley,Martin J. O'Malley,3,0.004491,Bernie Sanders,Bernie Sanders,183,0.273952
157,413,FAIRFIELD,Fairfax,2016-03-16T11:51:43.000Z,stulad,413,FAIRFIELD,Fairfax County,Hillary Clinton,0.453362,30,461,454,461,Hillary Clinton,Hillary Clinton,330,0.715835,Martin J. O'Malley,Martin J. O'Malley,1,0.002169,Bernie Sanders,Bernie Sanders,121,0.262473
158,525,WALNUT HILL,Fairfax,2016-03-16T11:51:43.000Z,stulad,525,WALNUT HILL,Fairfax County,Hillary Clinton,0.238292,10,726,700,726,Hillary Clinton,Hillary Clinton,435,0.599174,Martin J. O'Malley,Martin J. O'Malley,3,0.004132,Bernie Sanders,Bernie Sanders,262,0.360882
159,508,MASONVILLE,Fairfax,2016-03-16T11:51:43.000Z,stulad,508,MASONVILLE,Fairfax County,Hillary Clinton,0.253333,10,675,628,675,Hillary Clinton,Hillary Clinton,396,0.586667,Martin J. O'Malley,Martin J. O'Malley,7,0.01037,Bernie Sanders,Bernie Sanders,225,0.333333
160,512,SLEEPY HOLLOW,Fairfax,2016-03-16T11:51:43.000Z,stulad,512,SLEEPY HOLLOW,Fairfax County,Hillary Clinton,0.195929,10,393,374,393,Hillary Clinton,Hillary Clinton,223,0.56743,Martin J. O'Malley,Martin J. O'Malley,5,0.012723,Bernie Sanders,Bernie Sanders,146,0.371501
161,502,BARCROFT,Fairfax,2016-03-16T11:51:43.000Z,stulad,502,BARCROFT,Fairfax County,Hillary Clinton,0.366667,30,390,357,390,Hillary Clinton,Hillary Clinton,250,0.641026,Martin J. O'Malley,Martin J. O'Malley,3,0.007692,Bernie Sanders,Bernie Sanders,107,0.274359
162,530,HOLMES #2,Fairfax,2016-03-16T11:51:43.000Z,stulad,530,HOLMES #2,Fairfax County,Hillary Clinton,0.269565,10,460,441,460,Hillary Clinton,Hillary Clinton,280,0.608696,Martin J. O'Malley,Martin J. O'Malley,5,0.01087,Bernie Sanders,Bernie Sanders,156,0.33913
163,505,GLEN FOREST,Fairfax,2016-03-16T11:51:43.000Z,stulad,505,GLEN FOREST,Fairfax County,Hillary Clinton,0.298932,10,562,539,562,Hillary Clinton,Hillary Clinton,351,0.624555,Martin J. O'Malley,Martin J. O'Malley,4,0.007117,Bernie Sanders,Bernie Sanders,183,0.325623
164,514,CROSSROADS,Fairfax,2016-03-16T11:51:43.000Z,stulad,514,CROSSROADS,Fairfax County,Hillary Clinton,0.533898,30,354,311,354,Hillary Clinton,Hillary Clinton,248,0.700565,Martin J. O'Malley,Martin J. O'Malley,2,0.00565,Bernie Sanders,Bernie Sanders,59,0.166667
165,501,BAILEYS,Fairfax,2016-03-16T11:51:43.000Z,stulad,501,BAILEYS,Fairfax County,Hillary Clinton,0.38177,30,757,720,757,Hillary Clinton,Hillary Clinton,504,0.665786,Martin J. O'Malley,Martin J. O'Malley,1,0.001321,Bernie Sanders,Bernie Sanders,215,0.284016
166,516,WEYANOKE,Fairfax,2016-03-16T11:51:43.000Z,stulad,516,WEYANOKE,Fairfax County,Hillary Clinton,0.273187,10,593,570,593,Hillary Clinton,Hillary Clinton,364,0.613828,Martin J. O'Malley,Martin J. O'Malley,4,0.006745,Bernie Sanders,Bernie Sanders,202,0.340641
167,527,EDSALL,Fairfax,2016-03-16T11:51:43.000Z,stulad,527,EDSALL,Fairfax County,Hillary Clinton,0.329519,30,437,416,437,Hillary Clinton,Hillary Clinton,279,0.638444,Martin J. O'Malley,Martin J. O'Malley,2,0.004577,Bernie Sanders,Bernie Sanders,135,0.308924
168,511,RAVENWOOD,Fairfax,2016-03-16T11:51:43.000Z,stulad,511,RAVENWOOD,Fairfax County,Hillary Clinton,0.387755,30,637,591,637,Hillary Clinton,Hillary Clinton,418,0.656201,Martin J. O'Malley,Martin J. O'Malley,2,0.00314,Bernie Sanders,Bernie Sanders,171,0.268446
169,802,CEDAR LAKE,Fairfax,2016-03-16T11:51:43.000Z,stulad,802,CEDAR LAKE,Fairfax County,Hillary Clinton,0.140426,10,235,225,235,Hillary Clinton,Hillary Clinton,128,0.544681,Martin J. O'Malley,Martin J. O'Malley,2,0.008511,Bernie Sanders,Bernie Sanders,95,0.404255
170,848,FAIR OAKS,Fairfax,2016-03-16T11:51:43.000Z,stulad,848,FAIR OAKS,Fairfax County,Hillary Clinton,0.201802,10,555,538,555,Hillary Clinton,Hillary Clinton,323,0.581982,Martin J. O'Malley,Martin J. O'Malley,4,0.007207,Bernie Sanders,Bernie Sanders,211,0.38018
171,851,WILLOW SPRINGS,Fairfax,2016-03-16T11:51:43.000Z,stulad,851,WILLOW SPRINGS,Fairfax County,Hillary Clinton,0.171674,10,466,429,466,Hillary Clinton,Hillary Clinton,254,0.545064,Martin J. O'Malley,Martin J. O'Malley,2,0.004292,Bernie Sanders,Bernie Sanders,174,0.373391
172,804,COLCHESTER,Fairfax,2016-03-16T11:51:43.000Z,stulad,804,COLCHESTER,Fairfax County,Hillary Clinton,0.300752,30,266,250,266,Hillary Clinton,Hillary Clinton,164,0.616541,Martin J. O'Malley,Martin J. O'Malley,2,0.007519,Bernie Sanders,Bernie Sanders,84,0.315789
173,841,POPES HEAD,Fairfax,2016-03-16T11:51:43.000Z,stulad,841,POPES HEAD,Fairfax County,Hillary Clinton,0.274809,10,262,241,262,Hillary Clinton,Hillary Clinton,156,0.59542,Martin J. O'Malley,Martin J. O'Malley,1,0.003817,Bernie Sanders,Bernie Sanders,84,0.320611
174,805,FAIRFAX STATION,Fairfax,2016-03-16T11:51:43.000Z,stulad,805,FAIRFAX STATION,Fairfax County,Hillary Clinton,0.235741,10,263,247,263,Hillary Clinton,Hillary Clinton,154,0.585551,Martin J. O'Malley,Martin J. O'Malley,1,0.003802,Bernie Sanders,Bernie Sanders,92,0.34981
175,815,WOODYARD,Fairfax,2016-03-16T11:51:43.000Z,stulad,815,WOODYARD,Fairfax County,Hillary Clinton,0.295508,10,423,394,423,Hillary Clinton,Hillary Clinton,259,0.612293,Martin J. O'Malley,Martin J. O'Malley,1,0.002364,Bernie Sanders,Bernie Sanders,134,0.316785
176,406,HAYFIELD,Fairfax,2016-03-16T11:51:43.000Z,stulad,406,HAYFIELD,Fairfax County,Hillary Clinton,0.332136,30,557,516,557,Hillary Clinton,Hillary Clinton,348,0.624776,Martin J. O'Malley,Martin J. O'Malley,5,0.008977,Bernie Sanders,Bernie Sanders,163,0.292639
177,404,FRANCONIA,Fairfax,2016-03-16T11:51:43.000Z,stulad,404,FRANCONIA,Fairfax County,Hillary Clinton,0.325645,30,737,684,737,Hillary Clinton,Hillary Clinton,460,0.624152,Martin J. O'Malley,Martin J. O'Malley,4,0.005427,Bernie Sanders,Bernie Sanders,220,0.298507
178,422,VAN DORN,Fairfax,2016-03-16T11:51:43.000Z,stulad,422,VAN DORN,Fairfax County,Hillary Clinton,0.312757,30,729,688,729,Hillary Clinton,Hillary Clinton,456,0.625514,Martin J. O'Malley,Martin J. O'Malley,4,0.005487,Bernie Sanders,Bernie Sanders,228,0.312757
179,844,CENTERPOINTE,Fairfax,2016-03-16T11:51:43.000Z,stulad,844,CENTERPOINTE,Fairfax County,Hillary Clinton,0.036053,2,527,502,527,Hillary Clinton,Hillary Clinton,260,0.493359,Martin J. O'Malley,Martin J. O'Malley,1,0.001898,Bernie Sanders,Bernie Sanders,241,0.457305
180,850,SOUTH RUN,Fairfax,2016-03-16T11:51:43.000Z,stulad,850,SOUTH RUN,Fairfax County,Hillary Clinton,0.361169,30,479,448,479,Hillary Clinton,Hillary Clinton,309,0.645094,Martin J. O'Malley,Martin J. O'Malley,3,0.006263,Bernie Sanders,Bernie Sanders,136,0.283925
181,839,SILVERBROOK,Fairfax,2016-03-16T11:51:43.000Z,stulad,839,SILVERBROOK,Fairfax County,Hillary Clinton,0.306667,30,600,562,600,Hillary Clinton,Hillary Clinton,372,0.62,Martin J. O'Malley,Martin J. O'Malley,2,0.003333,Bernie Sanders,Bernie Sanders,188,0.313333
182,806,SYDENSTRICKER,Fairfax,2016-03-16T11:51:43.000Z,stulad,806,SYDENSTRICKER,Fairfax County,Hillary Clinton,0.316667,30,600,572,600,Hillary Clinton,Hillary Clinton,380,0.633333,Martin J. O'Malley,Martin J. O'Malley,2,0.003333,Bernie Sanders,Bernie Sanders,190,0.316667
183,807,HUNT VALLEY,Fairfax,2016-03-16T11:51:43.000Z,stulad,807,HUNT VALLEY,Fairfax County,Hillary Clinton,0.293399,10,409,392,409,Hillary Clinton,Hillary Clinton,253,0.618582,Martin J. O'Malley,Martin J. O'Malley,6,0.01467,Bernie Sanders,Bernie Sanders,133,0.325183
184,811,POHICK,Fairfax,2016-03-16T11:51:43.000Z,stulad,811,POHICK,Fairfax County,Hillary Clinton,0.12357,10,437,412,437,Hillary Clinton,Hillary Clinton,231,0.528604,Martin J. O'Malley,Martin J. O'Malley,4,0.009153,Bernie Sanders,Bernie Sanders,177,0.405034
185,803,CLIFTON,Fairfax,2016-03-16T11:51:43.000Z,stulad,803,CLIFTON,Fairfax County,Hillary Clinton,0.288493,10,617,566,617,Hillary Clinton,Hillary Clinton,371,0.601297,Martin J. O'Malley,Martin J. O'Malley,2,0.003241,Bernie Sanders,Bernie Sanders,193,0.312804
186,108,KINGS PARK,Fairfax,2016-03-16T11:51:43.000Z,stulad,108,KINGS PARK,Fairfax County,Hillary Clinton,0.17931,10,580,554,580,Hillary Clinton,Hillary Clinton,326,0.562069,Martin J. O'Malley,Martin J. O'Malley,6,0.010345,Bernie Sanders,Bernie Sanders,222,0.382759
187,133,DANBURY,Fairfax,2016-03-16T11:51:43.000Z,stulad,133,DANBURY,Fairfax County,Hillary Clinton,0.162011,10,179,173,179,Hillary Clinton,Hillary Clinton,101,0.564246,Martin J. O'Malley,Martin J. O'Malley,0,0,Bernie Sanders,Bernie Sanders,72,0.402235
188,118,LAKE BRADDOCK,Fairfax,2016-03-16T11:51:43.000Z,stulad,118,LAKE BRADDOCK,Fairfax County,Hillary Clinton,0.182773,10,952,886,952,Hillary Clinton,Hillary Clinton,528,0.554622,Martin J. O'Malley,Martin J. O'Malley,4,0.004202,Bernie Sanders,Bernie Sanders,354,0.371849
189,731,TYSONS,Fairfax,2016-03-16T11:51:43.000Z,stulad,731,TYSONS,Fairfax County,Hillary Clinton,0.069324,2,577,545,577,Hillary Clinton,Hillary Clinton,292,0.506066,Martin J. O'Malley,Martin J. O'Malley,1,0.001733,Bernie Sanders,Bernie Sanders,252,0.436742
190,627,WOODLAWN,Fairfax,2016-03-16T11:51:43.000Z,stulad,627,WOODLAWN,Fairfax County,Hillary Clinton,0.343381,30,763,738,763,Hillary Clinton,Hillary Clinton,497,0.651376,Martin J. O'Malley,Martin J. O'Malley,4,0.005242,Bernie Sanders,Bernie Sanders,235,0.307995
191,113,CANTERBURY,Fairfax,2016-03-16T11:51:43.000Z,stulad,113,CANTERBURY,Fairfax County,Hillary Clinton,0.270484,10,1013,922,1013,Hillary Clinton,Hillary Clinton,592,0.584403,Martin J. O'Malley,Martin J. O'Malley,7,0.00691,Bernie Sanders,Bernie Sanders,318,0.313919
192,117,WOODSON,Fairfax,2016-03-16T11:51:43.000Z,stulad,117,WOODSON,Fairfax County,Hillary Clinton,0.342903,30,627,560,627,Hillary Clinton,Hillary Clinton,386,0.61563,Martin J. O'Malley,Martin J. O'Malley,3,0.004785,Bernie Sanders,Bernie Sanders,171,0.272727
193,202,FLINT HILL,Fairfax,2016-03-16T11:51:43.000Z,stulad,202,FLINT HILL,Fairfax County,Hillary Clinton,0.27786,10,673,625,673,Hillary Clinton,Hillary Clinton,405,0.601783,Martin J. O'Malley,Martin J. O'Malley,2,0.002972,Bernie Sanders,Bernie Sanders,218,0.323923
194,204,MADISON,Fairfax,2016-03-16T11:51:43.000Z,stulad,204,MADISON,Fairfax County,Hillary Clinton,0.26699,10,206,198,206,Hillary Clinton,Hillary Clinton,126,0.61165,Martin J. O'Malley,Martin J. O'Malley,1,0.004854,Bernie Sanders,Bernie Sanders,71,0.34466
195,933,COMPTON,Fairfax,2016-03-16T11:51:43.000Z,stulad,933,COMPTON,Fairfax County,Bernie Sanders,0.008547,0,117,114,117,Hillary Clinton,Hillary Clinton,56,0.478632,Martin J. O'Malley,Martin J. O'Malley,1,0.008547,Bernie Sanders,Bernie Sanders,57,0.487179
196,917,STONE NORTH,Fairfax,2016-03-16T11:51:43.000Z,stulad,917,STONE NORTH,Fairfax County,Hillary Clinton,0.153203,10,359,342,359,Hillary Clinton,Hillary Clinton,197,0.548747,Martin J. O'Malley,Martin J. O'Malley,3,0.008357,Bernie Sanders,Bernie Sanders,142,0.395543
197,932,STONE SOUTH,Fairfax,2016-03-16T11:51:43.000Z,stulad,932,STONE SOUTH,Fairfax County,Hillary Clinton,0.068841,2,276,267,276,Hillary Clinton,Hillary Clinton,141,0.51087,Martin J. O'Malley,Martin J. O'Malley,4,0.014493,Bernie Sanders,Bernie Sanders,122,0.442029
198,910,LONDON TOWNE,Fairfax,2016-03-16T11:51:43.000Z,stulad,910,LONDON TOWNE,Fairfax County,Hillary Clinton,0.093333,2,750,728,750,Hillary Clinton,Hillary Clinton,396,0.528,Martin J. O'Malley,Martin J. O'Malley,5,0.006667,Bernie Sanders,Bernie Sanders,326,0.434667
199,924,SPINDLE,Fairfax,2016-03-16T11:51:43.000Z,stulad,924,SPINDLE,Fairfax County,Hillary Clinton,0.191977,10,349,342,349,Hillary Clinton,Hillary Clinton,203,0.581662,Martin J. O'Malley,Martin J. O'Malley,3,0.008596,Bernie Sanders,Bernie Sanders,136,0.389685
200,929,DIFFICULT RUN,Fairfax,2016-03-16T11:51:43.000Z,stulad,929,DIFFICULT RUN,Fairfax County,Hillary Clinton,0.381295,30,139,125,139,Hillary Clinton,Hillary Clinton,88,0.633094,Martin J. O'Malley,Martin J. O'Malley,2,0.014388,Bernie Sanders,Bernie Sanders,35,0.251799
201,914,VALE,Fairfax,2016-03-16T11:51:43.000Z,stulad,914,VALE,Fairfax County,Hillary Clinton,0.218557,10,485,448,485,Hillary Clinton,Hillary Clinton,276,0.569072,Martin J. O'Malley,Martin J. O'Malley,2,0.004124,Bernie Sanders,Bernie Sanders,170,0.350515
202,916,WAPLES MILL,Fairfax,2016-03-16T11:51:43.000Z,stulad,916,WAPLES MILL,Fairfax County,Hillary Clinton,0.304009,30,898,803,898,Hillary Clinton,Hillary Clinton,535,0.595768,Martin J. O'Malley,Martin J. O'Malley,6,0.006682,Bernie Sanders,Bernie Sanders,262,0.291759
203,908,HIDDEN MEADOW,Fairfax,2016-03-16T11:51:43.000Z,stulad,908,HIDDEN MEADOW,Fairfax County,Hillary Clinton,0.229508,10,488,440,488,Hillary Clinton,Hillary Clinton,275,0.563525,Martin J. O'Malley,Martin J. O'Malley,2,0.004098,Bernie Sanders,Bernie Sanders,163,0.334016
204,909,OAK HILL,Fairfax,2016-03-16T11:51:43.000Z,stulad,909,OAK HILL,Fairfax County,Hillary Clinton,0.255814,10,473,447,473,Hillary Clinton,Hillary Clinton,284,0.600423,Martin J. O'Malley,Martin J. O'Malley,0,0,Bernie Sanders,Bernie Sanders,163,0.344609
205,905,FRANKLIN,Fairfax,2016-03-16T11:51:43.000Z,stulad,905,FRANKLIN,Fairfax County,Hillary Clinton,0.260664,10,211,201,211,Hillary Clinton,Hillary Clinton,127,0.601896,Martin J. O'Malley,Martin J. O'Malley,2,0.009479,Bernie Sanders,Bernie Sanders,72,0.341232
206,927,ARMFIELD,Fairfax,2016-03-16T11:51:43.000Z,stulad,927,ARMFIELD,Fairfax County,Hillary Clinton,0.204748,10,337,322,337,Hillary Clinton,Hillary Clinton,194,0.575668,Martin J. O'Malley,Martin J. O'Malley,3,0.008902,Bernie Sanders,Bernie Sanders,125,0.37092
207,930,LEES CORNER,Fairfax,2016-03-16T11:51:43.000Z,stulad,930,LEES CORNER,Fairfax County,Hillary Clinton,0.152838,10,458,422,458,Hillary Clinton,Hillary Clinton,245,0.534934,Martin J. O'Malley,Martin J. O'Malley,2,0.004367,Bernie Sanders,Bernie Sanders,175,0.382096
208,920,CHANTILLY,Fairfax,2016-03-16T11:51:43.000Z,stulad,920,CHANTILLY,Fairfax County,Hillary Clinton,0.293103,10,522,494,522,Hillary Clinton,Hillary Clinton,322,0.616858,Martin J. O'Malley,Martin J. O'Malley,3,0.005747,Bernie Sanders,Bernie Sanders,169,0.323755
209,931,CARSON,Fairfax,2016-03-16T11:51:43.000Z,stulad,931,CARSON,Fairfax County,Hillary Clinton,0.2021,10,381,359,381,Hillary Clinton,Hillary Clinton,218,0.572178,Martin J. O'Malley,Martin J. O'Malley,0,0,Bernie Sanders,Bernie Sanders,141,0.370079
210,613,WESTGATE,Fairfax,2016-03-16T11:51:43.000Z,stulad,613,WESTGATE,Fairfax County,Hillary Clinton,0.271318,10,645,595,645,Hillary Clinton,Hillary Clinton,383,0.593798,Martin J. O'Malley,Martin J. O'Malley,4,0.006202,Bernie Sanders,Bernie Sanders,208,0.322481
211,616,GUNSTON,Fairfax,2016-03-16T11:51:43.000Z,stulad,616,GUNSTON,Fairfax County,Hillary Clinton,0.342723,30,426,415,426,Hillary Clinton,Hillary Clinton,282,0.661972,Martin J. O'Malley,Martin J. O'Malley,4,0.00939,Bernie Sanders,Bernie Sanders,136,0.319249
212,605,FORT HUNT,Fairfax,2016-03-16T11:51:43.000Z,stulad,605,FORT HUNT,Fairfax County,Hillary Clinton,0.356643,30,572,524,572,Hillary Clinton,Hillary Clinton,362,0.632867,Martin J. O'Malley,Martin J. O'Malley,4,0.006993,Bernie Sanders,Bernie Sanders,158,0.276224
213,611,STRATFORD,Fairfax,2016-03-16T11:51:43.000Z,stulad,611,STRATFORD,Fairfax County,Hillary Clinton,0.306494,30,770,714,770,Hillary Clinton,Hillary Clinton,473,0.614286,Martin J. O'Malley,Martin J. O'Malley,4,0.005195,Bernie Sanders,Bernie Sanders,237,0.307792
214,614,RIVERSIDE,Fairfax,2016-03-16T11:51:43.000Z,stulad,614,RIVERSIDE,Fairfax County,Hillary Clinton,0.337398,30,492,464,492,Hillary Clinton,Hillary Clinton,312,0.634146,Martin J. O'Malley,Martin J. O'Malley,6,0.012195,Bernie Sanders,Bernie Sanders,146,0.296748
215,602,BELLEVIEW,Fairfax,2016-03-16T11:51:43.000Z,stulad,602,BELLEVIEW,Fairfax County,Hillary Clinton,0.335677,30,569,538,569,Hillary Clinton,Hillary Clinton,363,0.637961,Martin J. O'Malley,Martin J. O'Malley,3,0.005272,Bernie Sanders,Bernie Sanders,172,0.302285
216,601,BELLE HAVEN,Fairfax,2016-03-16T11:51:43.000Z,stulad,601,BELLE HAVEN,Fairfax County,Hillary Clinton,0.380488,30,410,384,410,Hillary Clinton,Hillary Clinton,269,0.656098,Martin J. O'Malley,Martin J. O'Malley,1,0.002439,Bernie Sanders,Bernie Sanders,113,0.27561
217,621,GROSVENOR,Fairfax,2016-03-16T11:51:43.000Z,stulad,621,GROSVENOR,Fairfax County,Hillary Clinton,0.118993,10,437,420,437,Hillary Clinton,Hillary Clinton,234,0.535469,Martin J. O'Malley,Martin J. O'Malley,4,0.009153,Bernie Sanders,Bernie Sanders,182,0.416476
218,607,HUNTINGTON,Fairfax,2016-03-16T11:51:43.000Z,stulad,607,HUNTINGTON,Fairfax County,Hillary Clinton,0.238573,10,897,835,897,Hillary Clinton,Hillary Clinton,523,0.583055,Martin J. O'Malley,Martin J. O'Malley,3,0.003344,Bernie Sanders,Bernie Sanders,309,0.344482
219,703,FORT BUFFALO,Fairfax,2016-03-16T11:51:43.000Z,stulad,703,FORT BUFFALO,Fairfax County,Hillary Clinton,0.337766,30,376,365,376,Hillary Clinton,Hillary Clinton,246,0.654255,Martin J. O'Malley,Martin J. O'Malley,0,0,Bernie Sanders,Bernie Sanders,119,0.316489
220,709,MOSBY,Fairfax,2016-03-16T11:51:43.000Z,stulad,709,MOSBY,Fairfax County,Hillary Clinton,0.170588,10,680,638,680,Hillary Clinton,Hillary Clinton,376,0.552941,Martin J. O'Malley,Martin J. O'Malley,1,0.001471,Bernie Sanders,Bernie Sanders,260,0.382353
221,718,PINE RIDGE,Fairfax,2016-03-16T11:51:43.000Z,stulad,718,PINE RIDGE,Fairfax County,Hillary Clinton,0.167006,10,491,465,491,Hillary Clinton,Hillary Clinton,272,0.553971,Martin J. O'Malley,Martin J. O'Malley,3,0.00611,Bernie Sanders,Bernie Sanders,190,0.386965
222,717,WOODBURN,Fairfax,2016-03-16T11:51:43.000Z,stulad,717,WOODBURN,Fairfax County,Hillary Clinton,0.181637,10,501,481,501,Hillary Clinton,Hillary Clinton,284,0.566866,Martin J. O'Malley,Martin J. O'Malley,4,0.007984,Bernie Sanders,Bernie Sanders,193,0.38523
223,921,DEER PARK,Fairfax,2016-03-16T11:51:43.000Z,stulad,921,DEER PARK,Fairfax County,Hillary Clinton,0.111307,10,566,532,566,Hillary Clinton,Hillary Clinton,296,0.522968,Martin J. O'Malley,Martin J. O'Malley,3,0.0053,Bernie Sanders,Bernie Sanders,233,0.411661
224,606,HOLLIN HALL,Fairfax,2016-03-16T11:51:43.000Z,stulad,606,HOLLIN HALL,Fairfax County,Hillary Clinton,0.363121,30,705,653,705,Hillary Clinton,Hillary Clinton,453,0.642553,Martin J. O'Malley,Martin J. O'Malley,3,0.004255,Bernie Sanders,Bernie Sanders,197,0.279433
225,610,SHERWOOD,Fairfax,2016-03-16T11:51:43.000Z,stulad,610,SHERWOOD,Fairfax County,Hillary Clinton,0.415584,30,539,500,539,Hillary Clinton,Hillary Clinton,361,0.669759,Martin J. O'Malley,Martin J. O'Malley,2,0.003711,Bernie Sanders,Bernie Sanders,137,0.254174
226,926,POWELL,Fairfax,2016-03-16T11:51:43.000Z,stulad,926,POWELL,Fairfax County,Hillary Clinton,0.117829,10,645,619,645,Hillary Clinton,Hillary Clinton,346,0.536434,Martin J. O'Malley,Martin J. O'Malley,3,0.004651,Bernie Sanders,Bernie Sanders,270,0.418605
227,114,OLDE CREEK,Fairfax,2016-03-16T11:51:43.000Z,stulad,114,OLDE CREEK,Fairfax County,Hillary Clinton,0.271071,10,439,410,439,Hillary Clinton,Hillary Clinton,262,0.596811,Martin J. O'Malley,Martin J. O'Malley,5,0.01139,Bernie Sanders,Bernie Sanders,143,0.32574
228,316,SALONA #1,Fairfax,2016-03-16T11:51:43.000Z,stulad,316,SALONA #1,Fairfax County,Hillary Clinton,0.309322,30,236,212,236,Hillary Clinton,Hillary Clinton,141,0.597458,Martin J. O'Malley,Martin J. O'Malley,2,0.008475,Bernie Sanders,Bernie Sanders,68,0.288136
229,333,SALONA #2,Fairfax,2016-03-16T11:51:43.000Z,stulad,333,SALONA #2,Fairfax County,Hillary Clinton,0.423767,30,446,408,446,Hillary Clinton,Hillary Clinton,298,0.668161,Martin J. O'Malley,Martin J. O'Malley,1,0.002242,Bernie Sanders,Bernie Sanders,109,0.244395
230,734,HUNTERS BRANCH,Fairfax,2016-03-16T11:51:43.000Z,stulad,734,HUNTERS BRANCH,Fairfax County,Hillary Clinton,0.116788,10,548,506,548,Hillary Clinton,Hillary Clinton,284,0.518248,Martin J. O'Malley,Martin J. O'Malley,0,0,Bernie Sanders,Bernie Sanders,220,0.40146
231,134,UNIVERSITY,Fairfax,2016-03-16T11:51:43.000Z,stulad,134,UNIVERSITY,Fairfax County,Bernie Sanders,0.577057,30,863,855,863,Hillary Clinton,Hillary Clinton,174,0.201622,Martin J. O'Malley,Martin J. O'Malley,9,0.010429,Bernie Sanders,Bernie Sanders,672,0.778679
232,408,MOUNT EAGLE,Fairfax,2016-03-16T11:51:43.000Z,stulad,408,MOUNT EAGLE,Fairfax County,Hillary Clinton,0.267884,10,657,625,657,Hillary Clinton,Hillary Clinton,398,0.605784,Martin J. O'Malley,Martin J. O'Malley,5,0.00761,Bernie Sanders,Bernie Sanders,222,0.3379
233,919,GREEN TRAILS,Fairfax,2016-03-16T11:51:43.000Z,stulad,919,GREEN TRAILS,Fairfax County,Hillary Clinton,0.147989,10,696,666,696,Hillary Clinton,Hillary Clinton,383,0.550287,Martin J. O'Malley,Martin J. O'Malley,4,0.005747,Bernie Sanders,Bernie Sanders,280,0.402299
234,509,PLAZA,Fairfax,2016-03-16T11:51:43.000Z,stulad,509,PLAZA,Fairfax County,Hillary Clinton,0.447761,30,335,328,335,Hillary Clinton,Hillary Clinton,237,0.707463,Martin J. O'Malley,Martin J. O'Malley,4,0.01194,Bernie Sanders,Bernie Sanders,87,0.259701
235,109,LITTLE RUN,Fairfax,2016-03-16T11:51:43.000Z,stulad,109,LITTLE RUN,Fairfax County,Hillary Clinton,0.23125,10,320,303,320,Hillary Clinton,Hillary Clinton,188,0.5875,Martin J. O'Malley,Martin J. O'Malley,1,0.003125,Bernie Sanders,Bernie Sanders,114,0.35625
236,520,SKYLINE,Fairfax,2016-03-16T11:51:43.000Z,stulad,520,SKYLINE,Fairfax County,Hillary Clinton,0.26276,10,529,493,529,Hillary Clinton,Hillary Clinton,306,0.57845,Martin J. O'Malley,Martin J. O'Malley,2,0.003781,Bernie Sanders,Bernie Sanders,167,0.31569
237,506,HOLMES #1,Fairfax,2016-03-16T11:51:43.000Z,stulad,506,HOLMES #1,Fairfax County,Hillary Clinton,0.273885,10,157,151,157,Hillary Clinton,Hillary Clinton,97,0.617834,Martin J. O'Malley,Martin J. O'Malley,0,0,Bernie Sanders,Bernie Sanders,54,0.343949
238,619,BELVOIR,Fairfax,2016-03-16T11:51:43.000Z,stulad,619,BELVOIR,Fairfax County,Hillary Clinton,0.307692,30,442,423,442,Hillary Clinton,Hillary Clinton,279,0.631222,Martin J. O'Malley,Martin J. O'Malley,1,0.002262,Bernie Sanders,Bernie Sanders,143,0.323529
239,403,FORESTDALE,Fairfax,2016-03-16T11:51:43.000Z,stulad,403,FORESTDALE,Fairfax County,Hillary Clinton,0.348243,30,313,295,313,Hillary Clinton,Hillary Clinton,201,0.642173,Martin J. O'Malley,Martin J. O'Malley,2,0.00639,Bernie Sanders,Bernie Sanders,92,0.29393
240,234,ALDRIN,Fairfax,2016-03-16T11:51:43.000Z,stulad,234,ALDRIN,Fairfax County,Hillary Clinton,0.319277,30,664,622,664,Hillary Clinton,Hillary Clinton,416,0.626506,Martin J. O'Malley,Martin J. O'Malley,2,0.003012,Bernie Sanders,Bernie Sanders,204,0.307229
241,201,ARMSTRONG,Fairfax,2016-03-16T11:51:43.000Z,stulad,201,ARMSTRONG,Fairfax County,Hillary Clinton,0.170704,10,867,824,867,Hillary Clinton,Hillary Clinton,484,0.558247,Martin J. O'Malley,Martin J. O'Malley,4,0.004614,Bernie Sanders,Bernie Sanders,336,0.387543
242,233,NORTH POINT,Fairfax,2016-03-16T11:51:43.000Z,stulad,233,NORTH POINT,Fairfax County,Hillary Clinton,0.370817,30,747,692,747,Hillary Clinton,Hillary Clinton,484,0.647925,Martin J. O'Malley,Martin J. O'Malley,1,0.001339,Bernie Sanders,Bernie Sanders,207,0.277108
1000,99999,ABSENTEE,Fairfax,,,99999,ABSENTEE,Fairfax County,,,,0,0,0,Hillary Clinton,Hillary Clinton,3867,,Martin J. O'Malley,Martin J. O'Malley,23,,Bernie Sanders,Bernie Sanders,2456,
1001,99998,PROVISIONAL,Fairfax,,,99998,PROVISIONAL,Fairfax County,,,,0,0,0,Hillary Clinton,Hillary Clinton,38,,Martin J. O'Malley,Martin J. O'Malley,0,,Bernie Sanders,Bernie Sanders,54,
